W44x335,W1100x499
W44x290,W1100x433
W44x262,W1100x390
W44x230,W1100x343
W40x593,W1000x883
W40x503,W1000x748
W40x431,W1000x642
W40x397,W1000x591
W40x372,W1000x554
W40x362,W1000x539
W40x324,W1000x483
W40x297,W1000x443
W40x277,W1000x412
W40x249,W1000x371
W40x215,W1000x321
W40x199,W1000x296
W40x392,W1000x584
W40x331,W1000x494
W40x327,W1000x486
W40x294,W1000x438
W40x278,W1000x415
W40x264,W1000x393
W40x235,W1000x350
W40x211,W1000x314
W40x183,W1000x272
W40x167,W1000x249
W40x149,W1000x222
W36x800,W920x1191
W36x652,W920x970
W36x529,W920x787
W36x487,W920x725
W36x441,W920x656
W36x395,W920x588
W36x361,W920x537
W36x330,W920x491
W36x302,W920x449
W36x282,W920x420
W36x262,W920x390
W36x247,W920x368
W36x231,W920x344
W36x256,W920x381
W36x232,W920x345
W36x210,W920x313
W36x194,W920x289
W36x182,W920x271
W36x170,W920x253
W36x160,W920x238
W36x150,W920x223
W36x135,W920x201
W33x387,W840x576
W33x354,W840x527
W33x318,W840x473
W33x291,W840x433
W33x263,W840x392
W33x241,W840x359
W33x221,W840x329
W33x201,W840x299
W33x169,W840x251
W33x152,W840x226
W33x141,W840x210
W33x130,W840x193
W33x118,W840x176
W30x391,W760x582
W30x357,W760x531
W30x326,W760x484
W30x292,W760x434
W30x261,W760x389
W30x235,W760x350
W30x211,W760x314
W30x191,W760x284
W30x173,W760x257
W30x148,W760x220
W30x132,W760x196
W30x124,W760x185
W30x116,W760x173
W30x108,W760x161
W30x99,W760x147
W30x90,W760x134
W27x539,W690x802
W27x368,W690x548
W27x336,W690x500
W27x307,W690x457
W27x281,W690x419
W27x258,W690x384
W27x235,W690x350
W27x217,W690x323
W27x194,W690x289
W27x178,W690x265
W27x161,W690x240
W27x146,W690x217
W27x129,W690x192
W27x114,W690x170
W27x102,W690x152
W27x94,W690x140
W27x84,W690x125
W24x370,W610x551
W24x335,W610x498
W24x306,W610x455
W24x279,W610x415
W24x250,W610x372
W24x229,W610x341
W24x207,W610x307
W24x192,W610x285
W24x176,W610x262
W24x162,W610x241
W24x146,W610x217
W24x131,W610x195
W24x117,W610x174
W24x104,W610x155
W24x103,W610x153
W24x94,W610x140
W24x84,W610x125
W24x76,W610x113
W24x68,W610x101
W24x61,W610x91
W24x56,W610x84
W24x62,W610x92
W24x55,W610x82
W21x201,W530x300
W21x182,W530x272
W21x166,W530x248
W21x147,W530x219
W21x132,W530x196
W21x122,W530x182
W21x111,W530x165
W21x101,W530x150
W21x93,W530x138
W21x83,W530x123
W21x73,W530x109
W21x68,W530x101
W21x62,W530x92
W21x55,W530x82
W21x48,W530x72
W21x57,W530x85
W21x50,W530x74
W21x44,W530x66
W18x311,W460x464
W18x283,W460x421
W18x258,W460x384
W18x234,W460x349
W18x211,W460x315
W18x192,W460x286
W18x175,W460x260
W18x158,W460x235
W18x143,W460x213
W18x130,W460x193
W18x119,W460x177
W18x106,W460x158
W18x97,W460x144
W18x86,W460x128
W18x76,W460x113
W18x71,W460x106
W18x65,W460x97
W18x60,W460x89
W18x55,W460x82
W18x50,W460x74
W18x45,W460x67
W18x41,W460x61
W18x46,W460x68
W18x40,W460x60
W18x35,W460x52
W16x100,W410x149
W16x89,W410x132
W16x77,W410x114
W16x67,W410x100
W16x57,W410x85
W16x50,W410x74
W16x45,W410x67
W16x40,W410x60
W16x36,W410x54
W16x31,W410x46
W16x26,W410x39
W14x730,W360x1086
W14x665,W360x990
W14x605,W360x900
W14x550,W360x818
W14x500,W360x744
W14x455,W360x677
W14x426,W360x634
W14x398,W360x592
W14x370,W360x551
W14x342,W360x509
W14x311,W360x463
W14x283,W360x421
W14x257,W360x382
W14x233,W360x347
W14x211,W360x314
W14x193,W360x287
W14x176,W360x262
W14x159,W360x237
W14x145,W360x216
W14x132,W360x196
W14x120,W360x179
W14x109,W360x162
W14x99,W360x147
W14x90,W360x134
W14x82,W360x122
W14x74,W360x110
W14x68,W360x101
W14x61,W360x91
W14x53,W360x79
W14x48,W360x72
W14x43,W360x64
W14x38,W360x57
W14x34,W360x51
W14x30,W360x45
W14x26,W360x39
W14x22,W360x33
W12x336,W310x500
W12x305,W310x454
W12x279,W310x415
W12x252,W310x375
W12x230,W310x342
W12x210,W310x313
W12x190,W310x283
W12x170,W310x253
W12x152,W310x226
W12x136,W310x202
W12x120,W310x179
W12x106,W310x158
W12x96,W310x143
W12x87,W310x129
W12x79,W310x118
W12x72,W310x107
W12x65,W310x97
W12x58,W310x86
W12x53,W310x79
W12x50,W310x74
W12x45,W310x67
W12x40,W310x60
W12x35,W310x52
W12x30,W310x45
W12x26,W310x39
W12x21,W310x31
W12x22,W310x33
W12x19,W310x28
W12x16,W310x24
W12x14,W310x21
W10x112,W250x167
W10x100,W250x149
W10x88,W250x131
W10x77,W250x115
W10x68,W250x101
W10x60,W250x89
W10x54,W250x80
W10x49,W250x73
W10x45,W250x67
W10x39,W250x58
W10x33,W250x49
W10x30,W250x45
W10x26,W250x39
W10x22,W250x33
W10x16,W250x24
W10x19,W250x28
W10x17,W250x25
W10x15,W250x22
W10x12,W250x18
W8x67,W200x100
W8x58,W200x86
W8x48,W200x71
W8x40,W200x59
W8x35,W200x52
W8x31,W200x46
W8x28,W200x42
W8x24,W200x36
W8x21,W200x31
W8x18,W200x27
W8x14,W200x21
W8x15,W200x22
W8x13,W200x19
W8x10,W200x15
W6x25,W150x37
W6x20,W150x30
W6x15,W150x22
W6x16,W150x24
W6x12,W150x18
W6x9,W150x14
W6x8.5,W150x13
W5x19,W130x28
W5x16,W130x24
W4x13,W100x19