HS14x10x0.625,HS356x254x16
HS14x10x0.500,HS356x254x13
HS14x10x0.375,HS356x254x9.5
HS12x8x0.625,HS305x203x16
HS12x8x0.500,HS305x203x13
HS12x8x0.375,HS305x203x9.5
HS12x8x0.313,HS305x203x8.0
HS12x8x0.250,HS305x203x6.4
HS10x6x0.625,HS254x152x16
HS10x6x0.500,HS254x152x13
HS10x6x0.375,HS254x152x9.5
HS10x6x0.313,HS254x152x8.0
HS10x6x0.250,HS254x152x6.4
HS8x6x0.500,HS203x152x13
HS8x6x0.375,HS203x152x9.5
HS8x6x0.313,HS203x152x8.0
HS8x6x0.250,HS203x152x6.4
HS8x6x0.188,HS203x152x4.8
HS8x4x0.500,HS203x102x13
HS8x4x0.375,HS203x102x9.5
HS8x4x0.313,HS203x102x8.0
HS8x4x0.250,HS203x102x6.4
HS8x4x0.188,HS203x102x4.8
HS7x5x0.500,HS178x127x13
HS7x5x0.375,HS178x127x9.5
HS7x5x0.313,HS178x127x8.0
HS7x5x0.250,HS178x127x6.4
HS7x5x0.188,HS178x127x4.8
HS6x4x0.500,HS152x102x13
HS6x4x0.375,HS152x102x9.5
HS6x4x0.313,HS152x102x8.0
HS6x4x0.250,HS152x102x6.4
HS6x4x0.188,HS152x102x4.8
HS6x3x0.500,HS152x76x13
HS6x3x0.375,HS152x76x9.5
HS6x3x0.313,HS152x76x8.0
HS6x3x0.250,HS152x76x6.4
HS6x3x0.188,HS152x76x4.8
HS5x3x0.375,HS127x76x9.5
HS5x3x0.313,HS127x76x8.0
HS5x3x0.250,HS127x76x6.4
HS5x3x0.188,HS127x76x4.8
HS4x3x0.375,HS102x76x9.5
HS4x3x0.313,HS102x76x8.0
HS4x3x0.250,HS102x76x6.4
HS4x3x0.188,HS102x76x4.8
HS4x3x0.125,HS102x76x3.2
HS4x2x0.375,HS102x51x9.5
HS4x2x0.313,HS102x51x8.0
HS4x2x0.250,HS102x51x6.4
HS4x2x0.188,HS102x51x4.8
HS4x2x0.125,HS102x51x3.2
HS3.5x2.5x0.313,HS89x64x8.0
HS3.5x2.5x0.250,HS89x64x6.4
HS3.5x2.5x0.188,HS89x64x4.8
HS3.5x2.5x0.125,HS89x64x3.2
HS3x2x0.313,HS76x51x8.0
HS3x2x0.250,HS76x51x6.4
HS3x2x0.188,HS76x51x4.8
HS3x2x0.125,HS76x51x3.2
HS2x1x0.188,HS51x25x4.8
HS2x1x0.125,HS51x25x3.2