HS12x12x0.625,HS305x305x16
HS12x12x0.500,HS305x305x13
HS12x12x0.375,HS305x305x9.5
HS12x12x0.313,HS305x305x8.0
HS12x12x0.250,HS305x305x6.4
HS10x10x0.625,HS254x254x16
HS10x10x0.500,HS254x254x13
HS10x10x0.375,HS254x254x9.5
HS10x10x0.313,HS254x254x8.0
HS10x10x0.250,HS254x254x6.4
HS8x8x0.625,HS203x203x16
HS8x8x0.500,HS203x203x13
HS8x8x0.375,HS203x203x9.5
HS8x8x0.313,HS203x203x8.0
HS8x8x0.250,HS203x203x6.4
HS7x7x0.625,HS178x178x16
HS7x7x0.500,HS178x178x13
HS7x7x0.375,HS178x178x9.5
HS7x7x0.313,HS178x178x8.0
HS7x7x0.250,HS178x178x6.4
HS7x7x0.188,HS178x178x4.8
HS6x6x0.500,HS152x152x13
HS6x6x0.375,HS152x152x9.5
HS6x6x0.313,HS152x152x8.0
HS6x6x0.250,HS152x152x6.4
HS6x6x0.188,HS152x152x4.8
HS5x5x0.500,HS127x127x13
HS5x5x0.375,HS127x127x9.5
HS5x5x0.313,HS127x127x8.0
HS5x5x0.250,HS127x127x6.4
HS5x5x0.188,HS127x127x4.8
HS4.5x4.5x0.500,HS114x114x13
HS4.5x4.5x0.375,HS114x114x9.5
HS4.5x4.5x0.313,HS114x114x8.0
HS4.5x4.5x0.250,HS114x114x6.4
HS4.5x4.5x0.188,HS114x114x4.8
HS4.5x4.5x0.125,HS114x114x3.2
HS4x4x0.500,HS102x102x13
HS4x4x0.375,HS102x102x9.5
HS4x4x0.313,HS102x102x8.0
HS4x4x0.250,HS102x102x6.4
HS4x4x0.188,HS102x102x4.8
HS4x4x0.125,HS102x102x3.2
HS3.5x3.5x0.375,HS89x89x9.5
HS3.5x3.5x0.313,HS89x89x8.0
HS3.5x3.5x0.250,HS89x89x6.4
HS3.5x3.5x0.188,HS89x89x4.8
HS3.5x3.5x0.125,HS89x89x3.2
HS3x3x0.375,HS76x76x9.5
HS3x3x0.313,HS76x76x8.0
HS3x3x0.250,HS76x76x6.4
HS3x3x0.188,HS76x76x4.8
HS3x3x0.125,HS76x76x3.2
HS2.5x2.5x0.313,HS64x64x8.0
HS2.5x2.5x0.250,HS64x64x6.4
HS2.5x2.5x0.188,HS64x64x4.8
HS2.5x2.5x0.125,HS64x64x3.2
HS2x2x0.250,HS51x51x6.4
HS2x2x0.188,HS51x51x4.8
HS2x2x0.125,HS51x51x3.2
HS1.5x1.5x0.188,HS38x38x4.8
HS1.5x1.5x0.125,HS38x38x3.2