L8x8x1.125,L203x203x29
L8x8x1.000,L203x203x25
L8x8x0.875,L203x203x22
L8x8x0.750,L203x203x19
L8x8x0.625,L203x203x16
L8x8x0.563,L203x203x14
L8x8x0.500,L203x203x13
L8x6x1.000,L203x152x25
L8x6x0.875,L203x152x22
L8x6x0.750,L203x152x19
L8x6x0.625,L203x152x16
L8x6x0.563,L203x152x14
L8x6x0.500,L203x152x13
L8x4x1.000,L203x102x25
L8x4x0.750,L203x102x19
L8x4x0.500,L203x102x13
L7x4x0.750,L178x102x19
L7x4x0.625,L178x102x16
L7x4x0.500,L178x102x13
L7x4x0.438,L178x102x11
L7x4x0.375,L178x102x9.5
L6x6x1.000,L152x152x25
L6x6x0.875,L152x152x22
L6x6x0.750,L152x152x19
L6x6x0.625,L152x152x16
L6x6x0.563,L152x152x14
L6x6x0.500,L152x152x13
L6x6x0.438,L152x152x11
L6x6x0.375,L152x152x9.5
L6x6x0.313,L152x152x7.9
L6x6x0.250,L152x152x6.4
L6x4x0.875,L152x102x22
L6x4x0.750,L152x102x19
L6x4x0.625,L152x102x16
L6x4x0.563,L152x102x14
L6x4x0.500,L152x102x13
L6x4x0.438,L152x102x11
L6x4x0.375,L152x102x9.5
L6x4x0.313,L152x102x7.9
L6x3.5x0.625,L152x89x16
L6x3.5x0.500,L152x89x13
L6x3.5x0.375,L152x89x9.5
L6x3.5x0.313,L152x89x7.9
L5x5x0.875,L127x127x22
L5x5x0.750,L127x127x19
L5x5x0.625,L127x127x16
L5x5x0.500,L127x127x13
L5x5x0.438,L127x127x11
L5x5x0.375,L127x127x9.5
L5x5x0.313,L127x127x7.9
L5x5x0.250,L127x127x6.4
L5x3.5x0.750,L127x89x19
L5x3.5x0.625,L127x89x16
L5x3.5x0.500,L127x89x13
L5x3.5x0.375,L127x89x9.5
L5x3.5x0.313,L127x89x7.9
L5x3.5x0.250,L127x89x6.4
L5x3x0.500,L127x76x13
L5x3x0.438,L127x76x11
L5x3x0.375,L127x76x9.5
L5x3x0.313,L127x76x7.9
L5x3x0.250,L127x76x6.4
L4x4x0.750,L102x102x19
L4x4x0.625,L102x102x16
L4x4x0.500,L102x102x13
L4x4x0.438,L102x102x11
L4x4x0.375,L102x102x9.5
L4x4x0.313,L102x102x7.9
L4x4x0.250,L102x102x6.4
L4x3.5x0.500,L102x89x13
L4x3.5x0.438,L102x89x11
L4x3.5x0.375,L102x89x9.5
L4x3.5x0.313,L102x89x7.9
L4x3.5x0.250,L102x89x6.4
L4x3x0.625,L102x76x16
L4x3x0.500,L102x76x13
L4x3x0.438,L102x76x11
L4x3x0.375,L102x76x9.5
L4x3x0.313,L102x76x7.9
L4x3x0.250,L102x76x6.4
L3.5x3.5x0.500,L89x89x13
L3.5x3.5x0.438,L89x89x11
L3.5x3.5x0.375,L89x89x9.5
L3.5x3.5x0.313,L89x89x7.9
L3.5x3.5x0.250,L89x89x6.4
L3.5x3x0.500,L89x76x13
L3.5x3x0.375,L89x76x9.5
L3.5x3x0.313,L89x76x7.9
L3.5x3x0.250,L89x76x6.4
L3.5x2.5x0.500,L89x64x13
L3.5x2.5x0.375,L89x64x9.5
L3.5x2.5x0.313,L89x64x7.9
L3.5x2.5x0.250,L89x64x6.4
L3x3x0.500,L76x76x13
L3x3x0.438,L76x76x11
L3x3x0.375,L76x76x9.5
L3x3x0.313,L76x76x7.9
L3x3x0.250,L76x76x6.4
L3x3x0.188,L76x76x4.8
L3x2.5x0.500,L76x64x13
L3x2.5x0.375,L76x64x9.5
L3x2.5x0.313,L76x64x7.9
L3x2.5x0.250,L76x64x6.4
L3x2.5x0.188,L76x64x4.8
L3x2x0.500,L76x51x13
L3x2x0.375,L76x51x9.5
L3x2x0.313,L76x51x7.9
L3x2x0.250,L76x51x6.4
L3x2x0.188,L76x51x4.8
L2.5x2.5x0.500,L64x64x13
L2.5x2.5x0.375,L64x64x9.5
L2.5x2.5x0.313,L64x64x7.9
L2.5x2.5x0.250,L64x64x6.4
L2.5x2.5x0.188,L64x64x4.8
L2.5x2x0.375,L64x51x9.5
L2.5x2x0.313,L64x51x7.9
L2.5x2x0.250,L64x51x6.4
L2.5x2x0.188,L64x51x4.8
L2x2x0.375,L51x51x9.5
L2x2x0.313,L51x51x7.9
L2x2x0.250,L51x51x6.4
L2x2x0.188,L51x51x4.8
L2x2x0.125,L51x51x3.2
L2x1.5x0.250,L51x38x6.4
L2x1.5x0.188,L51x38x4.8
L2x1.5x0.125,L51x38x3.2
L1.75x1.75x0.250,L44x44x6.4
L1.75x1.75x0.188,L44x44x4.8
L1.75x1.75x0.125,L44x44x3.2
L1.5x1.5x0.250,L38x38x6.4
L1.5x1.5x0.188,L38x38x4.8
L1.5x1.5x0.125,L38x38x3.2
L1.25x1.25x0.250,L32x32x6.4
L1.25x1.25x0.188,L32x32x4.8
L1.25x1.25x0.125,L32x32x3.2
L1x1x0.250,L25x25x6.4
L1x1x0.188,L25x25x4.8
L1x1x0.125,L25x25x3.2
L0.75x0.75x0.125,L19x19x3.2